{
  "project_info": {
    "project_number": "1033525912292",
    "project_id": "letsgogambling-9ebb8",
    "storage_bucket": "letsgogambling-9ebb8.appspot.com"
  },
  "client": [
    {
      "client_info": {
        "mobilesdk_app_id": "1:1033525912292:android:087b6b19aedee5919902f1",
        "android_client_info": {
          "package_name": "com.example.eventbooking"
        }
      },
      "oauth_client": [],
      "api_key": [
        {
          "current_key": "AIzaSyBjRRxb8vNWVKzX-h2jFcbcNbBp9E9zJ7o"
        }
      ],
      "services": {
        "appinvite_service": {
          "other_platform_oauth_client": []
        }
      }
    }
  ],
  "configuration_version": "1"
}